Item,Cost,Hour Calculation,
Median Home Price,526745,1504985.714,#VALUE!
Median Rent,1582,4520,0.003003351
Energy Bill,350.71,1002.028571,0.221687737
Doctor's Visit,135.1,386,0.385218557
Loaf of Bread,4.06,11.6,0.030051813
