Item,Cost,Hour Calculation,Scale Compared,Circle Area 1,Circle Radius 1,Circle Area 2,Circle Radius 2,Circle Area 3,Circle Radius 3
Median Rent,1582,4520,0.003003351,0,0,0,0,31415.92654,100
Energy Bill,350.71,1002.028571,0.221687737,0,0,31415.92654,100,6964.52566,47.08372723
Doctor's Visit,135.1,386,0.385218557,31415.92654,100,12101.99789,62.06597756,2682.864523,29.22297557
Loaf of Bread,4.06,11.6,0.030051813,944.1055495,17.33545875,363.6869829,10.75942202,80.62494421,5.065936914
